dpt;cardio_malvasc;geriatrie;generalistes;med_ge;inf_lib
FRANCE ENTIERE;10.4;2.5;155.2;155.2;166.5
FRANCE Métropolitaine;10.6;2.5;155.9;155.9;163.5
DROM;6.4;0.9;134.5;134.5;259.5
Auvergne-Rhône-Alpes;9.3;2.4;157.5;157.5;184
Bourgogne-Franche-Comté;8.1;2.4;146.9;146.9;139.7
Bretagne;9;2.6;157.1;157.1;201.5
Centre-Val de Loire;8.6;2.5;129.6;129.6;95.3
Corse;11.1;0.6;155.7;155.7;416.3
Grand Est;10.2;2.7;151.4;151.4;138.2
Hauts-de-France;8.9;2.4;150.5;150.5;145.9
Ile-de-France;13.5;3.7;152.1;152.1;78.1
Normandie;7.8;2.3;142.6;142.6;130.8
Nouvelle-Aquitaine;10.8;2.1;166.6;166.6;192.9
Occitanie;10.7;2.3;170.4;170.4;275
Pays de la Loire;7.2;1.8;144.1;144.1;92.1
Provence-Alpes-Côte d’Azur;15;1.7;181;181;305.9
01 - Ain;3.5;2.4;108.2;108.2;147.1
02 - Aisne;6.7;3.3;117.3;117.3;155.3
03 - Allier;7.9;2.9;146.8;146.8;188
04 - Alpes-de-Haute-Provence;8;1.2;184.7;184.7;298
05 - Hautes-Alpes;9.2;1.4;231.8;231.8;264.3
06 - Alpes-Maritimes;16.8;2.1;186.4;186.4;273.1
07 - Ardèche;6.5;2.5;131.4;131.4;238.4
08 - Ardennes;6.4;2.8;134.4;134.4;139.7
09 - Ariège;5.9;3.9;181.1;181.1;266.8
10 - Aube;7.2;2.3;124.6;124.6;106.7
11 - Aude;10.3;2.2;155.8;155.8;263.6
12 - Aveyron;8.7;2.9;151.2;151.2;277.8
13 - Bouches-du-Rhône;16.6;1.2;185.7;185.7;331.1
14 - Calvados;11.9;1.6;164.1;164.1;137.2
15 - Cantal;7.5;1.4;167.2;167.2;213
16 - Charente;7.6;3.7;143.2;143.2;112.2
17 - Charente-Maritime;11;2.7;170.5;170.5;159.5
18 - Cher;6.1;2.9;112.2;112.2;111.5
19 - Corrèze;11.3;2.5;156.1;156.1;258
2A - Corse-du-Sud;8.8;0;164.8;164.8;395.2
2B - Haute-Corse;13.1;1.1;147.9;147.9;434.1
21 - Côte-d’Or;10.6;3;162.6;162.6;136.9
22 - Côtes-d’Armor;8.2;3;147;147;198
23 - Creuse;5;0;154.8;154.8;264.7
24 - Dordogne;6.7;2.2;138.8;138.8;185.6
25 - Doubs;9;1.5;170.2;170.2;136.6
26 - Drôme;10.3;1.6;153.4;153.4;259.4
27 - Eure;3.5;3;105.1;105.1;91.4
28 - Eure-et-Loir;9.2;2.3;108.8;108.8;67.2
29 - Finistère;9.2;2.5;166.9;166.9;263.1
30 - Gard;9.2;1.8;153.8;153.8;286.4
31 - Haute-Garonne;13.8;1.7;179.4;179.4;214.2
32 - Gers;4.2;2.1;150.8;150.8;242
33 - Gironde;15;1.8;182;182;228.6
34 - Hérault;11.2;2.5;188.4;188.4;312.4
35 - Ille-et-Vilaine;9.9;2.4;157.6;157.6;124.4
36 - Indre;5.3;1.3;123.5;123.5;147.3
37 - Indre-et-Loire;14.1;2.3;165.1;165.1;99.8
38 - Isère;9.9;2.5;159.2;159.2;180.2
39 - Jura;6.5;0.4;146;146;115.6
40 - Landes;7.7;1.2;162.7;162.7;198.3
41 - Loir-et-Cher;7.2;2.1;130.9;130.9;101.6
42 - Loire;9;1.6;163.4;163.4;195.6
43 - Haute-Loire;3.5;1.3;135.7;135.7;228.7
44 - Loire-Atlantique;9.4;1.6;163.8;163.8;93.3
45 - Loiret;6.3;3.3;120.7;120.7;81.2
46 - Lot;9.7;2.9;165.9;165.9;230
47 - Lot-et-Garonne;7.8;2.7;135.1;135.1;205.6
48 - Lozère;6.5;1.3;141.1;141.1;180.3
49 - Maine-et-Loire;7.5;2.5;150.5;150.5;92.4
50 - Manche;6.2;2.2;141;141;174.4
51 - Marne;9.7;1.2;158.1;158.1;87.4
52 - Haute-Marne;6.1;3.9;149.6;149.6;113.4
53 - Mayenne;5.2;1.3;114.1;114.1;103.4
54 - Meurthe-et-Moselle;12.8;3.4;174.1;174.1;132.4
55 - Meuse;6.8;0.5;141.4;141.4;125.7
56 - Morbihan;8.2;2.4;152.6;152.6;235.7
57 - Moselle;9.5;2.7;135.6;135.6;184
58 - Nièvre;7;2.3;126.9;126.9;122.3
59 - Nord;10.2;2.5;167.6;167.6;157.6
60 - Oise;6.4;3.6;119.6;119.6;80.2
61 - Orne;6.6;1.7;134.3;134.3;124.9
62 - Nord-Pas-de-Calais;8.5;1.7;141.6;141.6;167.8
63 - Puy-de-Dôme;11.3;2.3;159;159;189.5
64 - Pyrénées-Atlantiques;12.4;1.9;184.6;184.6;254.7
65 - Hautes-Pyrénées;10.1;4.8;196.6;196.6;307.6
66 - Pyrénées-Orientales;10.5;2.1;182.8;182.8;382.4
67 - Bas-Rhin;13;3.3;170.4;170.4;158.2
68 - Haut-Rhin;10.8;3.3;141.5;141.5;121.3
69 - Rhône;12.5;3.4;175.8;175.8;184.8
70 - Haute-Saône;3.8;2.5;145.5;145.5;144.7
71 - Saône-et-Loire;7.8;2.7;130.6;130.6;169.3
72 - Sarthe;5.4;1.4;123.2;123.2;75.2
73 - Savoie;6.6;1.6;188.6;188.6;155.9
74 - Haute-Savoie;9.4;2.1;151;151;127.2
75 - Paris;26.3;3.6;244.3;244.3;117.2
76 - Seine-Maritime;8.5;2.4;151;151;129.9
77 - Seine-et-Marne;7.6;2.9;108.2;108.2;84.4
78 - Yvelines;10.9;4.7;131.8;131.8;60.4
79 - Deux-Sèvres;7.5;1.1;135.7;135.7;112.7
80 - Somme;9.8;1.2;170.8;170.8;121.3
81 - Tarn;8.9;3.7;151.6;151.6;314
82 - Tarn-et-Garonne;13.9;0.8;137.9;137.9;210.3
83 - Var;14.1;2;167.9;167.9;338
84 - Vaucluse;10.9;1.8;163.3;163.3;232.6
85 - Vendée;4.7;2.1;128.2;128.2;98.6
86 - Vienne;10.4;2.1;162.5;162.5;97
87 - Haute-Vienne;9.8;2.7;197.5;197.5;189.5
88 - Vosges;8;1.9;144.5;144.5;117.3
89 - Yonne;9.1;3.2;128.8;128.8;134.4
90 - Territoire de Belfort;6.2;3.5;141.8;141.8;121.7
91 - Essonne;10.3;3.8;126.5;126.5;73.9
92 - Hauts-de-Seine;13.5;3.2;161.7;161.7;60.4
93 - Seine-Saint-Denis;10.4;2.8;125.2;125.2;60.5
94 - Val-de-Marne;12.1;4.4;137.1;137.1;62.1
95 - Val-d’Oise;8.4;4.6;119.8;119.8;87.6
971 - Guadeloupe;7.9;1.2;126.3;126.3;381.9
972 - Martinique;5.8;1.6;127.7;127.7;365.8
973 - Guyane;3.2;0.4;132.6;132.6;122.6
974 - La Réunion;8.5;0.8;162.8;162.8;235.7
976 - Mayotte;0.5;0;52.2;52.2;91.7
